-- Data for Insert Table
insert into Users (UserID, Username, FirstName, LastName, DateOfBirth, Password) values (1, 'nguerry0', 'Nester', 'Guerry', '1999-07-13', 'jL6FR{)RpEx<Z');
insert into Users (UserID, Username, FirstName, LastName, DateOfBirth, Password) values (2, 'hbillyeald1', 'Hilario', 'Billyeald', '2002-04-15', 'wM4c''<|E7');
insert into Users (UserID, Username, FirstName, LastName, DateOfBirth, Password) values (3, 'tleneham2', 'Turner', 'Leneham', '1997-01-31', 'vW7YQs\1');
insert into Users (UserID, Username, FirstName, LastName, DateOfBirth, Password) values (4, 'sdumbleton3', 'Selina', 'Dumbleton', '2002-01-12', 'iT6pQ|%5Rnf~<mXR');
insert into Users (UserID, Username, FirstName, LastName, DateOfBirth, Password) values (5, 'efairbeard4', 'Eliot', 'Fairbeard', '2004-10-22', 'iC9*rRk<X.&K');
insert into Users (UserID, Username, FirstName, LastName, DateOfBirth, Password) values (6, 'vraffon5', 'Valentino', 'Raffon', '2003-07-30', 'mJ4)H4APBcS=q!');
insert into Users (UserID, Username, FirstName, LastName, DateOfBirth, Password) values (7, 'otremblet6', 'Oran', 'Tremblet', '2001-09-18', 'qZ8?HaAE''Fz6Gy');
insert into Users (UserID, Username, FirstName, LastName, DateOfBirth, Password) values (8, 'tshackleford7', 'Theodoric', 'Shackleford', '2000-08-06', 'dI9are@q0z');
insert into Users (UserID, Username, FirstName, LastName, DateOfBirth, Password) values (9, 'osergant8', 'Oralle', 'Sergant', '2001-12-20', 'iW0,KDkcD<g=');
insert into Users (UserID, Username, FirstName, LastName, DateOfBirth, Password) values (10, 'aallchorn9', 'Alfonse', 'Allchorn', '2002-08-27', 'dU2=F%T29!j*RQW)');
insert into Users (UserID, Username, FirstName, LastName, DateOfBirth, Password) values (11, 'fbowderya', 'Fulvia', 'Bowdery', '1998-05-23', 'iF1<aC9%');
insert into Users (UserID, Username, FirstName, LastName, DateOfBirth, Password) values (12, 'nkitchensideb', 'Neda', 'Kitchenside', '2002-06-05', 'zB8@\zR7F1RLq');
insert into Users (UserID, Username, FirstName, LastName, DateOfBirth, Password) values (13, 'jcuradoc', 'Jenica', 'Curado', '2000-01-01', 'fU14''VrZ0erY!');
insert into Users (UserID, Username, FirstName, LastName, DateOfBirth, Password) values (14, 'edubbind', 'Ethelred', 'Dubbin', '2004-01-18', 'qW9=n8Zw%KngO/');
insert into Users (UserID, Username, FirstName, LastName, DateOfBirth, Password) values (15, 'cenriche', 'Christan', 'Enrich', '1997-09-05', 'nU5''K7mXi7IU>');
insert into Users (UserID, Username, FirstName, LastName, DateOfBirth, Password) values (16, 'hdeguaraf', 'Heida', 'Deguara', '1998-06-10', 'kQ7SAvmn');
insert into Users (UserID, Username, FirstName, LastName, DateOfBirth, Password) values (17, 'cdowthwaiteg', 'Carleen', 'Dowthwaite', '2003-04-17', 'rC1kPwrI#xN9wWEc');
insert into Users (UserID, Username, FirstName, LastName, DateOfBirth, Password) values (18, 'kshaveh', 'Ki', 'Shave', '2000-04-27', 'wG4''2jmC7o');
insert into Users (UserID, Username, FirstName, LastName, DateOfBirth, Password) values (19, 'fhawardeni', 'Felicity', 'Hawarden', '2002-09-24', 'oU7=Yaj73L');
insert into Users (UserID, Username, FirstName, LastName, DateOfBirth, Password) values (20, 'kcaffinj', 'Kitti', 'Caffin', '1997-02-03', 'oJ1R9N+uH');
insert into Users (UserID, Username, FirstName, LastName, DateOfBirth, Password) values (21, 'ahewsonk', 'Aldridge', 'Hewson', '1999-01-26', 'zP1#Hd<4');
insert into Users (UserID, Username, FirstName, LastName, DateOfBirth, Password) values (22, 'ngaenorl', 'Nona', 'Gaenor', '1997-10-21', 'jS80,5m+.=');
insert into Users (UserID, Username, FirstName, LastName, DateOfBirth, Password) values (23, 'mbarmbym', 'Matteo', 'Barmby', '1996-03-13', 'gF2CyMX+pB');
insert into Users (UserID, Username, FirstName, LastName, DateOfBirth, Password) values (24, 'jsiggersn', 'Joni', 'Siggers', '1996-12-04', 'kW9rB0c9SQ');
insert into Users (UserID, Username, FirstName, LastName, DateOfBirth, Password) values (25, 'odiveo', 'Odilia', 'Dive', '2000-10-13', 'oG7u`xx(v(');
insert into Users (UserID, Username, FirstName, LastName, DateOfBirth, Password) values (26, 'jalldenp', 'Jacob', 'Allden', '2003-01-10', 'yF03yTOt{');
insert into Users (UserID, Username, FirstName, LastName, DateOfBirth, Password) values (27, 'slimonq', 'Somerset', 'Limon', '1997-06-16', 'bR4l~aQ~Gi');
insert into Users (UserID, Username, FirstName, LastName, DateOfBirth, Password) values (28, 'abohlr', 'Agathe', 'Bohl', '1996-11-24', 'nG2(xA8YY+y9');
insert into Users (UserID, Username, FirstName, LastName, DateOfBirth, Password) values (29, 'jmabbots', 'Josey', 'Mabbot', '2004-02-27', 'pW9<$tQBE');
insert into Users (UserID, Username, FirstName, LastName, DateOfBirth, Password) values (30, 'lannwylt', 'Leonie', 'Annwyl', '2004-02-13', 'tW0H*x#D5bp\B&s');

-- Data for Friends Table
insert into Friends (FriendID, FriendWhoAdded, FriendBeingAdded, isAccepted) values (1, 22, 23, true);
insert into Friends (FriendID, FriendWhoAdded, FriendBeingAdded, isAccepted) values (2, 18, 29, false);
insert into Friends (FriendID, FriendWhoAdded, FriendBeingAdded, isAccepted) values (3, 12, 9, false);
insert into Friends (FriendID, FriendWhoAdded, FriendBeingAdded, isAccepted) values (4, 16, 9, true);
insert into Friends (FriendID, FriendWhoAdded, FriendBeingAdded, isAccepted) values (5, 8, 26, true);
insert into Friends (FriendID, FriendWhoAdded, FriendBeingAdded, isAccepted) values (6, 3, 9, false);
insert into Friends (FriendID, FriendWhoAdded, FriendBeingAdded, isAccepted) values (7, 1, 13, false);
insert into Friends (FriendID, FriendWhoAdded, FriendBeingAdded, isAccepted) values (8, 29, 5, false);
insert into Friends (FriendID, FriendWhoAdded, FriendBeingAdded, isAccepted) values (9, 26, 30, false);
insert into Friends (FriendID, FriendWhoAdded, FriendBeingAdded, isAccepted) values (10, 3, 12, false);
insert into Friends (FriendID, FriendWhoAdded, FriendBeingAdded, isAccepted) values (11, 9, 19, true);
insert into Friends (FriendID, FriendWhoAdded, FriendBeingAdded, isAccepted) values (12, 28, 12, true);
insert into Friends (FriendID, FriendWhoAdded, FriendBeingAdded, isAccepted) values (13, 13, 26, false);
insert into Friends (FriendID, FriendWhoAdded, FriendBeingAdded, isAccepted) values (14, 22, 11, false);
insert into Friends (FriendID, FriendWhoAdded, FriendBeingAdded, isAccepted) values (15, 30, 9, false);
insert into Friends (FriendID, FriendWhoAdded, FriendBeingAdded, isAccepted) values (16, 28, 7, true);
insert into Friends (FriendID, FriendWhoAdded, FriendBeingAdded, isAccepted) values (17, 1, 6, false);
insert into Friends (FriendID, FriendWhoAdded, FriendBeingAdded, isAccepted) values (18, 22, 4, true);
insert into Friends (FriendID, FriendWhoAdded, FriendBeingAdded, isAccepted) values (19, 19, 8, true);
insert into Friends (FriendID, FriendWhoAdded, FriendBeingAdded, isAccepted) values (20, 17, 10, false);
insert into Friends (FriendID, FriendWhoAdded, FriendBeingAdded, isAccepted) values (21, 2, 24, true);
insert into Friends (FriendID, FriendWhoAdded, FriendBeingAdded, isAccepted) values (22, 8, 21, true);
insert into Friends (FriendID, FriendWhoAdded, FriendBeingAdded, isAccepted) values (23, 13, 28, true);
insert into Friends (FriendID, FriendWhoAdded, FriendBeingAdded, isAccepted) values (24, 16, 21, true);
insert into Friends (FriendID, FriendWhoAdded, FriendBeingAdded, isAccepted) values (25, 14, 19, false);
insert into Friends (FriendID, FriendWhoAdded, FriendBeingAdded, isAccepted) values (26, 25, 28, false);
insert into Friends (FriendID, FriendWhoAdded, FriendBeingAdded, isAccepted) values (27, 18, 24, false);
insert into Friends (FriendID, FriendWhoAdded, FriendBeingAdded, isAccepted) values (28, 23, 2, true);
insert into Friends (FriendID, FriendWhoAdded, FriendBeingAdded, isAccepted) values (29, 24, 9, false);
insert into Friends (FriendID, FriendWhoAdded, FriendBeingAdded, isAccepted) values (30, 9, 25, true);

-- Data for Groups Table
insert into Groups (GroupID, GroupName, CreatedBy) values (1, 'Bamity', 27);
insert into Groups (GroupID, GroupName, CreatedBy) values (2, 'Lotstring', 4);
insert into Groups (GroupID, GroupName, CreatedBy) values (3, 'Sonair', 22);
insert into Groups (GroupID, GroupName, CreatedBy) values (4, 'Alphazap', 23);
insert into Groups (GroupID, GroupName, CreatedBy) values (5, 'Y-find', 10);
insert into Groups (GroupID, GroupName, CreatedBy) values (6, 'Aerified', 17);
insert into Groups (GroupID, GroupName, CreatedBy) values (7, 'Pannier', 15);
insert into Groups (GroupID, GroupName, CreatedBy) values (8, 'Prodder', 3);
insert into Groups (GroupID, GroupName, CreatedBy) values (9, 'Wrapsafe', 5);
insert into Groups (GroupID, GroupName, CreatedBy) values (10, 'Fix San', 1);

-- Data for Posts Table
insert into Posts (PostID, PostDescription, PostedBy, IsPublic, IsOnlyForFriends, GroupID) values (1, 'Pellentesque at nulla. Suspendisse potenti. Cras in purus eu magna vulputate luctus.', 28, false, true, 10);
insert into Posts (PostID, PostDescription, PostedBy, IsPublic, IsOnlyForFriends, GroupID) values (2, 'Integer ac leo. Pellentesque ultrices mattis odio. Donec vitae nisi.', 26, false, true, 8);
insert into Posts (PostID, PostDescription, PostedBy, IsPublic, IsOnlyForFriends, GroupID) values (3, 'Duis aliquam convallis nunc. Proin at turpis a pede posuere nonummy. Integer non velit.', 5, true, true, 7);
insert into Posts (PostID, PostDescription, PostedBy, IsPublic, IsOnlyForFriends, GroupID) values (4, 'Pellentesque at nulla. Suspendisse potenti. Cras in purus eu magna vulputate luctus.', 24, true, true, 7);
insert into Posts (PostID, PostDescription, PostedBy, IsPublic, IsOnlyForFriends, GroupID) values (5, 'Praesent blandit. Nam nulla. Integer pede justo, lacinia eget, tincidunt eget, tempus vel, pede.', 10, false, true, 7);
insert into Posts (PostID, PostDescription, PostedBy, IsPublic, IsOnlyForFriends, GroupID) values (6, 'Sed sagittis. Nam congue, risus semper porta volutpat, quam pede lobortis ligula, sit amet eleifend pede libero quis orci. Nullam molestie nibh in lectus.', 22, true, false, 6);
insert into Posts (PostID, PostDescription, PostedBy, IsPublic, IsOnlyForFriends, GroupID) values (7, 'In congue. Etiam justo. Etiam pretium iaculis justo.', 27, true, false, 5);
insert into Posts (PostID, PostDescription, PostedBy, IsPublic, IsOnlyForFriends, GroupID) values (8, 'Duis bibendum. Morbi non quam nec dui luctus rutrum. Nulla tellus.', 7, false, true, 3);
insert into Posts (PostID, PostDescription, PostedBy, IsPublic, IsOnlyForFriends, GroupID) values (9, 'Suspendisse potenti. In eleifend quam a odio. In hac habitasse platea dictumst.', 17, true, false, 4);
insert into Posts (PostID, PostDescription, PostedBy, IsPublic, IsOnlyForFriends, GroupID) values (10, 'Praesent id massa id nisl venenatis lacinia. Aenean sit amet justo. Morbi ut odio.', 18, true, true, 7);
insert into Posts (PostID, PostDescription, PostedBy, IsPublic, IsOnlyForFriends, GroupID) values (11, 'Maecenas ut massa quis augue luctus tincidunt. Nulla mollis molestie lorem. Quisque ut erat.', 28, false, false, 3);
insert into Posts (PostID, PostDescription, PostedBy, IsPublic, IsOnlyForFriends, GroupID) values (12, 'Curabitur in libero ut massa volutpat convallis. Morbi odio odio, elementum eu, interdum eu, tincidunt in, leo. Maecenas pulvinar lobortis est.', 4, true, true, 6);
insert into Posts (PostID, PostDescription, PostedBy, IsPublic, IsOnlyForFriends, GroupID) values (13, 'Aenean fermentum. Donec ut mauris eget massa tempor convallis. Nulla neque libero, convallis eget, eleifend luctus, ultricies eu, nibh.', 27, false, false, 7);
insert into Posts (PostID, PostDescription, PostedBy, IsPublic, IsOnlyForFriends, GroupID) values (14, 'Morbi non lectus. Aliquam sit amet diam in magna bibendum imperdiet. Nullam orci pede, venenatis non, sodales sed, tincidunt eu, felis.', 14, true, false, 3);
insert into Posts (PostID, PostDescription, PostedBy, IsPublic, IsOnlyForFriends, GroupID) values (15, 'In congue. Etiam justo. Etiam pretium iaculis justo.', 20, false, true, 8);
insert into Posts (PostID, PostDescription, PostedBy, IsPublic, IsOnlyForFriends, GroupID) values (16, 'Sed sagittis. Nam congue, risus semper porta volutpat, quam pede lobortis ligula, sit amet eleifend pede libero quis orci. Nullam molestie nibh in lectus.', 3, true, true, 8);
insert into Posts (PostID, PostDescription, PostedBy, IsPublic, IsOnlyForFriends, GroupID) values (17, 'Nulla ut erat id mauris vulputate elementum. Nullam varius. Nulla facilisi.', 15, true, false, 1);
insert into Posts (PostID, PostDescription, PostedBy, IsPublic, IsOnlyForFriends, GroupID) values (18, 'Proin eu mi. Nulla ac enim. In tempor, turpis nec euismod scelerisque, quam turpis adipiscing lorem, vitae mattis nibh ligula nec sem.', 19, true, true, 6);
insert into Posts (PostID, PostDescription, PostedBy, IsPublic, IsOnlyForFriends, GroupID) values (19, 'Nullam porttitor lacus at turpis. Donec posuere metus vitae ipsum. Aliquam non mauris.', 3, false, true, 10);
insert into Posts (PostID, PostDescription, PostedBy, IsPublic, IsOnlyForFriends, GroupID) values (20, 'Aenean lectus. Pellentesque eget nunc. Donec quis orci eget orci vehicula condimentum.', 30, false, false, 6);
insert into Posts (PostID, PostDescription, PostedBy, IsPublic, IsOnlyForFriends, GroupID) values (21, 'Curabitur gravida nisi at nibh. In hac habitasse platea dictumst. Aliquam augue quam, sollicitudin vitae, consectetuer eget, rutrum at, lorem.', 4, true, false, 8);
insert into Posts (PostID, PostDescription, PostedBy, IsPublic, IsOnlyForFriends, GroupID) values (22, 'Pellentesque at nulla. Suspendisse potenti. Cras in purus eu magna vulputate luctus.', 23, false, true, 6);
insert into Posts (PostID, PostDescription, PostedBy, IsPublic, IsOnlyForFriends, GroupID) values (23, 'Suspendisse potenti. In eleifend quam a odio. In hac habitasse platea dictumst.', 8, false, true, 7);
insert into Posts (PostID, PostDescription, PostedBy, IsPublic, IsOnlyForFriends, GroupID) values (24, 'Cum sociis natoque penatibus et magnis dis parturient montes, nascetur ridiculus mus. Vivamus vestibulum sagittis sapien. Cum sociis natoque penatibus et magnis dis parturient montes, nascetur ridiculus mus.', 21, false, false, 10);
insert into Posts (PostID, PostDescription, PostedBy, IsPublic, IsOnlyForFriends, GroupID) values (25, 'Integer ac leo. Pellentesque ultrices mattis odio. Donec vitae nisi.', 7, false, true, 9);
insert into Posts (PostID, PostDescription, PostedBy, IsPublic, IsOnlyForFriends, GroupID) values (26, 'Pellentesque at nulla. Suspendisse potenti. Cras in purus eu magna vulputate luctus.', 21, false, false, 2);
insert into Posts (PostID, PostDescription, PostedBy, IsPublic, IsOnlyForFriends, GroupID) values (27, 'Proin interdum mauris non ligula pellentesque ultrices. Phasellus id sapien in sapien iaculis congue. Vivamus metus arcu, adipiscing molestie, hendrerit at, vulputate vitae, nisl.', 24, false, true, 10);
insert into Posts (PostID, PostDescription, PostedBy, IsPublic, IsOnlyForFriends, GroupID) values (28, 'Phasellus sit amet erat. Nulla tempus. Vivamus in felis eu sapien cursus vestibulum.', 21, false, false, 1);
insert into Posts (PostID, PostDescription, PostedBy, IsPublic, IsOnlyForFriends, GroupID) values (29, 'Fusce consequat. Nulla nisl. Nunc nisl.', 13, false, false, 3);
insert into Posts (PostID, PostDescription, PostedBy, IsPublic, IsOnlyForFriends, GroupID) values (30, 'Aenean lectus. Pellentesque eget nunc. Donec quis orci eget orci vehicula condimentum.', 19, false, true, 1);
insert into Posts (PostID, PostDescription, PostedBy, IsPublic, IsOnlyForFriends, GroupID) values (31, 'Curabitur gravida nisi at nibh. In hac habitasse platea dictumst. Aliquam augue quam, sollicitudin vitae, consectetuer eget, rutrum at, lorem.', 30, true, true, 10);
insert into Posts (PostID, PostDescription, PostedBy, IsPublic, IsOnlyForFriends, GroupID) values (32, 'Vestibulum ac est lacinia nisi venenatis tristique. Fusce congue, diam id ornare imperdiet, sapien urna pretium nisl, ut volutpat sapien arcu sed augue. Aliquam erat volutpat.', 18, true, false, 7);
insert into Posts (PostID, PostDescription, PostedBy, IsPublic, IsOnlyForFriends, GroupID) values (33, 'Nullam sit amet turpis elementum ligula vehicula consequat. Morbi a ipsum. Integer a nibh.', 18, true, true, 9);
insert into Posts (PostID, PostDescription, PostedBy, IsPublic, IsOnlyForFriends, GroupID) values (34, 'Curabitur in libero ut massa volutpat convallis. Morbi odio odio, elementum eu, interdum eu, tincidunt in, leo. Maecenas pulvinar lobortis est.', 11, false, false, 8);
insert into Posts (PostID, PostDescription, PostedBy, IsPublic, IsOnlyForFriends, GroupID) values (35, 'In congue. Etiam justo. Etiam pretium iaculis justo.', 5, true, false, 3);
insert into Posts (PostID, PostDescription, PostedBy, IsPublic, IsOnlyForFriends, GroupID) values (36, 'Cras non velit nec nisi vulputate nonummy. Maecenas tincidunt lacus at velit. Vivamus vel nulla eget eros elementum pellentesque.', 10, true, false, 2);
insert into Posts (PostID, PostDescription, PostedBy, IsPublic, IsOnlyForFriends, GroupID) values (37, 'Nam ultrices, libero non mattis pulvinar, nulla pede ullamcorper augue, a suscipit nulla elit ac nulla. Sed vel enim sit amet nunc viverra dapibus. Nulla suscipit ligula in lacus.', 27, true, true, 2);
insert into Posts (PostID, PostDescription, PostedBy, IsPublic, IsOnlyForFriends, GroupID) values (38, 'Mauris enim leo, rhoncus sed, vestibulum sit amet, cursus id, turpis. Integer aliquet, massa id lobortis convallis, tortor risus dapibus augue, vel accumsan tellus nisi eu orci. Mauris lacinia sapien quis libero.', 28, false, false, 9);
insert into Posts (PostID, PostDescription, PostedBy, IsPublic, IsOnlyForFriends, GroupID) values (39, 'Morbi porttitor lorem id ligula. Suspendisse ornare consequat lectus. In est risus, auctor sed, tristique in, tempus sit amet, sem.', 21, true, false, 4);
insert into Posts (PostID, PostDescription, PostedBy, IsPublic, IsOnlyForFriends, GroupID) values (40, 'Duis aliquam convallis nunc. Proin at turpis a pede posuere nonummy. Integer non velit.', 9, false, true, 10);
insert into Posts (PostID, PostDescription, PostedBy, IsPublic, IsOnlyForFriends, GroupID) values (41, 'Proin eu mi. Nulla ac enim. In tempor, turpis nec euismod scelerisque, quam turpis adipiscing lorem, vitae mattis nibh ligula nec sem.', 12, false, true, 6);
insert into Posts (PostID, PostDescription, PostedBy, IsPublic, IsOnlyForFriends, GroupID) values (42, 'Lorem ipsum dolor sit amet, consectetuer adipiscing elit. Proin risus. Praesent lectus.', 15, false, true, 7);
insert into Posts (PostID, PostDescription, PostedBy, IsPublic, IsOnlyForFriends, GroupID) values (43, 'Proin leo odio, porttitor id, consequat in, consequat ut, nulla. Sed accumsan felis. Ut at dolor quis odio consequat varius.', 25, false, true, 8);
insert into Posts (PostID, PostDescription, PostedBy, IsPublic, IsOnlyForFriends, GroupID) values (44, 'Cras non velit nec nisi vulputate nonummy. Maecenas tincidunt lacus at velit. Vivamus vel nulla eget eros elementum pellentesque.', 2, false, true, 7);
insert into Posts (PostID, PostDescription, PostedBy, IsPublic, IsOnlyForFriends, GroupID) values (45, 'Phasellus in felis. Donec semper sapien a libero. Nam dui.', 7, false, true, 6);
insert into Posts (PostID, PostDescription, PostedBy, IsPublic, IsOnlyForFriends, GroupID) values (46, 'Proin interdum mauris non ligula pellentesque ultrices. Phasellus id sapien in sapien iaculis congue. Vivamus metus arcu, adipiscing molestie, hendrerit at, vulputate vitae, nisl.', 22, true, true, 9);
insert into Posts (PostID, PostDescription, PostedBy, IsPublic, IsOnlyForFriends, GroupID) values (47, 'Duis aliquam convallis nunc. Proin at turpis a pede posuere nonummy. Integer non velit.', 18, true, true, 9);
insert into Posts (PostID, PostDescription, PostedBy, IsPublic, IsOnlyForFriends, GroupID) values (48, 'Maecenas leo odio, condimentum id, luctus nec, molestie sed, justo. Pellentesque viverra pede ac diam. Cras pellentesque volutpat dui.', 9, true, false, 2);
insert into Posts (PostID, PostDescription, PostedBy, IsPublic, IsOnlyForFriends, GroupID) values (49, 'Fusce consequat. Nulla nisl. Nunc nisl.', 9, true, false, 6);
insert into Posts (PostID, PostDescription, PostedBy, IsPublic, IsOnlyForFriends, GroupID) values (50, 'Fusce consequat. Nulla nisl. Nunc nisl.', 5, false, false, 9);
insert into Posts (PostID, PostDescription, PostedBy, IsPublic, IsOnlyForFriends, GroupID) values (51, 'Donec diam neque, vestibulum eget, vulputate ut, ultrices vel, augue. Vestibulum ante ipsum primis in faucibus orci luctus et ultrices posuere cubilia Curae; Donec pharetra, magna vestibulum aliquet ultrices, erat tortor sollicitudin mi, sit amet lobortis sapien sapien non mi. Integer ac neque.', 20, true, true, 1);
insert into Posts (PostID, PostDescription, PostedBy, IsPublic, IsOnlyForFriends, GroupID) values (52, 'Aenean lectus. Pellentesque eget nunc. Donec quis orci eget orci vehicula condimentum.', 3, true, false, 1);
insert into Posts (PostID, PostDescription, PostedBy, IsPublic, IsOnlyForFriends, GroupID) values (53, 'Sed ante. Vivamus tortor. Duis mattis egestas metus.', 5, true, true, 7);
insert into Posts (PostID, PostDescription, PostedBy, IsPublic, IsOnlyForFriends, GroupID) values (54, 'Nulla ut erat id mauris vulputate elementum. Nullam varius. Nulla facilisi.', 27, true, false, 4);
insert into Posts (PostID, PostDescription, PostedBy, IsPublic, IsOnlyForFriends, GroupID) values (55, 'Aenean fermentum. Donec ut mauris eget massa tempor convallis. Nulla neque libero, convallis eget, eleifend luctus, ultricies eu, nibh.', 19, true, false, 3);
insert into Posts (PostID, PostDescription, PostedBy, IsPublic, IsOnlyForFriends, GroupID) values (56, 'Mauris enim leo, rhoncus sed, vestibulum sit amet, cursus id, turpis. Integer aliquet, massa id lobortis convallis, tortor risus dapibus augue, vel accumsan tellus nisi eu orci. Mauris lacinia sapien quis libero.', 14, false, false, 4);
insert into Posts (PostID, PostDescription, PostedBy, IsPublic, IsOnlyForFriends, GroupID) values (57, 'Praesent id massa id nisl venenatis lacinia. Aenean sit amet justo. Morbi ut odio.', 20, false, true, 6);
insert into Posts (PostID, PostDescription, PostedBy, IsPublic, IsOnlyForFriends, GroupID) values (58, 'Mauris enim leo, rhoncus sed, vestibulum sit amet, cursus id, turpis. Integer aliquet, massa id lobortis convallis, tortor risus dapibus augue, vel accumsan tellus nisi eu orci. Mauris lacinia sapien quis libero.', 13, false, true, 8);
insert into Posts (PostID, PostDescription, PostedBy, IsPublic, IsOnlyForFriends, GroupID) values (59, 'Proin eu mi. Nulla ac enim. In tempor, turpis nec euismod scelerisque, quam turpis adipiscing lorem, vitae mattis nibh ligula nec sem.', 8, true, false, 3);
insert into Posts (PostID, PostDescription, PostedBy, IsPublic, IsOnlyForFriends, GroupID) values (60, 'Nullam porttitor lacus at turpis. Donec posuere metus vitae ipsum. Aliquam non mauris.', 28, true, false, 6);
insert into Posts (PostID, PostDescription, PostedBy, IsPublic, IsOnlyForFriends, GroupID) values (61, 'Sed sagittis. Nam congue, risus semper porta volutpat, quam pede lobortis ligula, sit amet eleifend pede libero quis orci. Nullam molestie nibh in lectus.', 23, false, false, 1);
insert into Posts (PostID, PostDescription, PostedBy, IsPublic, IsOnlyForFriends, GroupID) values (62, 'Suspendisse potenti. In eleifend quam a odio. In hac habitasse platea dictumst.', 8, false, true, 2);
insert into Posts (PostID, PostDescription, PostedBy, IsPublic, IsOnlyForFriends, GroupID) values (63, 'Donec diam neque, vestibulum eget, vulputate ut, ultrices vel, augue. Vestibulum ante ipsum primis in faucibus orci luctus et ultrices posuere cubilia Curae; Donec pharetra, magna vestibulum aliquet ultrices, erat tortor sollicitudin mi, sit amet lobortis sapien sapien non mi. Integer ac neque.', 11, true, false, 9);
insert into Posts (PostID, PostDescription, PostedBy, IsPublic, IsOnlyForFriends, GroupID) values (64, 'Donec diam neque, vestibulum eget, vulputate ut, ultrices vel, augue. Vestibulum ante ipsum primis in faucibus orci luctus et ultrices posuere cubilia Curae; Donec pharetra, magna vestibulum aliquet ultrices, erat tortor sollicitudin mi, sit amet lobortis sapien sapien non mi. Integer ac neque.', 4, false, true, 8);
insert into Posts (PostID, PostDescription, PostedBy, IsPublic, IsOnlyForFriends, GroupID) values (65, 'In sagittis dui vel nisl. Duis ac nibh. Fusce lacus purus, aliquet at, feugiat non, pretium quis, lectus.', 13, false, true, 2);
insert into Posts (PostID, PostDescription, PostedBy, IsPublic, IsOnlyForFriends, GroupID) values (66, 'Quisque id justo sit amet sapien dignissim vestibulum. Vestibulum ante ipsum primis in faucibus orci luctus et ultrices posuere cubilia Curae; Nulla dapibus dolor vel est. Donec odio justo, sollicitudin ut, suscipit a, feugiat et, eros.', 4, true, true, 5);
insert into Posts (PostID, PostDescription, PostedBy, IsPublic, IsOnlyForFriends, GroupID) values (67, 'Curabitur in libero ut massa volutpat convallis. Morbi odio odio, elementum eu, interdum eu, tincidunt in, leo. Maecenas pulvinar lobortis est.', 27, true, false, 5);
insert into Posts (PostID, PostDescription, PostedBy, IsPublic, IsOnlyForFriends, GroupID) values (68, 'In sagittis dui vel nisl. Duis ac nibh. Fusce lacus purus, aliquet at, feugiat non, pretium quis, lectus.', 24, false, true, 5);
insert into Posts (PostID, PostDescription, PostedBy, IsPublic, IsOnlyForFriends, GroupID) values (69, 'Aliquam quis turpis eget elit sodales scelerisque. Mauris sit amet eros. Suspendisse accumsan tortor quis turpis.', 15, true, true, 3);
insert into Posts (PostID, PostDescription, PostedBy, IsPublic, IsOnlyForFriends, GroupID) values (70, 'Aenean fermentum. Donec ut mauris eget massa tempor convallis. Nulla neque libero, convallis eget, eleifend luctus, ultricies eu, nibh.', 30, true, false, 1);
insert into Posts (PostID, PostDescription, PostedBy, IsPublic, IsOnlyForFriends, GroupID) values (71, 'Curabitur at ipsum ac tellus semper interdum. Mauris ullamcorper purus sit amet nulla. Quisque arcu libero, rutrum ac, lobortis vel, dapibus at, diam.', 11, true, false, 1);
insert into Posts (PostID, PostDescription, PostedBy, IsPublic, IsOnlyForFriends, GroupID) values (72, 'Duis consequat dui nec nisi volutpat eleifend. Donec ut dolor. Morbi vel lectus in quam fringilla rhoncus.', 13, false, true, 6);
insert into Posts (PostID, PostDescription, PostedBy, IsPublic, IsOnlyForFriends, GroupID) values (73, 'In hac habitasse platea dictumst. Etiam faucibus cursus urna. Ut tellus.', 12, true, false, 2);
insert into Posts (PostID, PostDescription, PostedBy, IsPublic, IsOnlyForFriends, GroupID) values (74, 'Etiam vel augue. Vestibulum rutrum rutrum neque. Aenean auctor gravida sem.', 12, false, false, 9);
insert into Posts (PostID, PostDescription, PostedBy, IsPublic, IsOnlyForFriends, GroupID) values (75, 'Donec diam neque, vestibulum eget, vulputate ut, ultrices vel, augue. Vestibulum ante ipsum primis in faucibus orci luctus et ultrices posuere cubilia Curae; Donec pharetra, magna vestibulum aliquet ultrices, erat tortor sollicitudin mi, sit amet lobortis sapien sapien non mi. Integer ac neque.', 16, true, false, 6);
insert into Posts (PostID, PostDescription, PostedBy, IsPublic, IsOnlyForFriends, GroupID) values (76, 'Duis consequat dui nec nisi volutpat eleifend. Donec ut dolor. Morbi vel lectus in quam fringilla rhoncus.', 20, false, true, 10);
insert into Posts (PostID, PostDescription, PostedBy, IsPublic, IsOnlyForFriends, GroupID) values (77, 'Nullam sit amet turpis elementum ligula vehicula consequat. Morbi a ipsum. Integer a nibh.', 3, true, false, 2);
insert into Posts (PostID, PostDescription, PostedBy, IsPublic, IsOnlyForFriends, GroupID) values (78, 'Praesent blandit. Nam nulla. Integer pede justo, lacinia eget, tincidunt eget, tempus vel, pede.', 28, true, false, 7);
insert into Posts (PostID, PostDescription, PostedBy, IsPublic, IsOnlyForFriends, GroupID) values (79, 'Phasellus in felis. Donec semper sapien a libero. Nam dui.', 19, true, true, 9);
insert into Posts (PostID, PostDescription, PostedBy, IsPublic, IsOnlyForFriends, GroupID) values (80, 'Nulla ut erat id mauris vulputate elementum. Nullam varius. Nulla facilisi.', 23, false, true, 3);
insert into Posts (PostID, PostDescription, PostedBy, IsPublic, IsOnlyForFriends, GroupID) values (81, 'In hac habitasse platea dictumst. Etiam faucibus cursus urna. Ut tellus.', 7, true, true, 9);
insert into Posts (PostID, PostDescription, PostedBy, IsPublic, IsOnlyForFriends, GroupID) values (82, 'Nulla ut erat id mauris vulputate elementum. Nullam varius. Nulla facilisi.', 22, true, true, 7);
insert into Posts (PostID, PostDescription, PostedBy, IsPublic, IsOnlyForFriends, GroupID) values (83, 'Vestibulum ac est lacinia nisi venenatis tristique. Fusce congue, diam id ornare imperdiet, sapien urna pretium nisl, ut volutpat sapien arcu sed augue. Aliquam erat volutpat.', 17, false, true, 7);
insert into Posts (PostID, PostDescription, PostedBy, IsPublic, IsOnlyForFriends, GroupID) values (84, 'In hac habitasse platea dictumst. Morbi vestibulum, velit id pretium iaculis, diam erat fermentum justo, nec condimentum neque sapien placerat ante. Nulla justo.', 4, false, true, 4);
insert into Posts (PostID, PostDescription, PostedBy, IsPublic, IsOnlyForFriends, GroupID) values (85, 'Nullam sit amet turpis elementum ligula vehicula consequat. Morbi a ipsum. Integer a nibh.', 4, false, false, 6);
insert into Posts (PostID, PostDescription, PostedBy, IsPublic, IsOnlyForFriends, GroupID) values (86, 'Proin leo odio, porttitor id, consequat in, consequat ut, nulla. Sed accumsan felis. Ut at dolor quis odio consequat varius.', 9, true, true, 9);
insert into Posts (PostID, PostDescription, PostedBy, IsPublic, IsOnlyForFriends, GroupID) values (87, 'Curabitur in libero ut massa volutpat convallis. Morbi odio odio, elementum eu, interdum eu, tincidunt in, leo. Maecenas pulvinar lobortis est.', 17, false, true, 10);
insert into Posts (PostID, PostDescription, PostedBy, IsPublic, IsOnlyForFriends, GroupID) values (88, 'Nulla ut erat id mauris vulputate elementum. Nullam varius. Nulla facilisi.', 13, true, true, 6);
insert into Posts (PostID, PostDescription, PostedBy, IsPublic, IsOnlyForFriends, GroupID) values (89, 'Proin interdum mauris non ligula pellentesque ultrices. Phasellus id sapien in sapien iaculis congue. Vivamus metus arcu, adipiscing molestie, hendrerit at, vulputate vitae, nisl.', 24, true, false, 2);
insert into Posts (PostID, PostDescription, PostedBy, IsPublic, IsOnlyForFriends, GroupID) values (90, 'Vestibulum ac est lacinia nisi venenatis tristique. Fusce congue, diam id ornare imperdiet, sapien urna pretium nisl, ut volutpat sapien arcu sed augue. Aliquam erat volutpat.', 29, false, true, 9);
insert into Posts (PostID, PostDescription, PostedBy, IsPublic, IsOnlyForFriends, GroupID) values (91, 'Cras non velit nec nisi vulputate nonummy. Maecenas tincidunt lacus at velit. Vivamus vel nulla eget eros elementum pellentesque.', 14, true, false, 10);
insert into Posts (PostID, PostDescription, PostedBy, IsPublic, IsOnlyForFriends, GroupID) values (92, 'In quis justo. Maecenas rhoncus aliquam lacus. Morbi quis tortor id nulla ultrices aliquet.', 25, false, true, 5);
insert into Posts (PostID, PostDescription, PostedBy, IsPublic, IsOnlyForFriends, GroupID) values (93, 'Donec diam neque, vestibulum eget, vulputate ut, ultrices vel, augue. Vestibulum ante ipsum primis in faucibus orci luctus et ultrices posuere cubilia Curae; Donec pharetra, magna vestibulum aliquet ultrices, erat tortor sollicitudin mi, sit amet lobortis sapien sapien non mi. Integer ac neque.', 23, true, true, 8);
insert into Posts (PostID, PostDescription, PostedBy, IsPublic, IsOnlyForFriends, GroupID) values (94, 'Aenean lectus. Pellentesque eget nunc. Donec quis orci eget orci vehicula condimentum.', 5, false, false, 6);
insert into Posts (PostID, PostDescription, PostedBy, IsPublic, IsOnlyForFriends, GroupID) values (95, 'Proin interdum mauris non ligula pellentesque ultrices. Phasellus id sapien in sapien iaculis congue. Vivamus metus arcu, adipiscing molestie, hendrerit at, vulputate vitae, nisl.', 10, false, true, 7);
insert into Posts (PostID, PostDescription, PostedBy, IsPublic, IsOnlyForFriends, GroupID) values (96, 'Sed ante. Vivamus tortor. Duis mattis egestas metus.', 17, false, false, 6);
insert into Posts (PostID, PostDescription, PostedBy, IsPublic, IsOnlyForFriends, GroupID) values (97, 'Etiam vel augue. Vestibulum rutrum rutrum neque. Aenean auctor gravida sem.', 6, true, true, 5);
insert into Posts (PostID, PostDescription, PostedBy, IsPublic, IsOnlyForFriends, GroupID) values (98, 'Donec diam neque, vestibulum eget, vulputate ut, ultrices vel, augue. Vestibulum ante ipsum primis in faucibus orci luctus et ultrices posuere cubilia Curae; Donec pharetra, magna vestibulum aliquet ultrices, erat tortor sollicitudin mi, sit amet lobortis sapien sapien non mi. Integer ac neque.', 13, false, true, 3);
insert into Posts (PostID, PostDescription, PostedBy, IsPublic, IsOnlyForFriends, GroupID) values (99, 'Nam ultrices, libero non mattis pulvinar, nulla pede ullamcorper augue, a suscipit nulla elit ac nulla. Sed vel enim sit amet nunc viverra dapibus. Nulla suscipit ligula in lacus.', 29, false, true, 4);
insert into Posts (PostID, PostDescription, PostedBy, IsPublic, IsOnlyForFriends, GroupID) values (100, 'In hac habitasse platea dictumst. Morbi vestibulum, velit id pretium iaculis, diam erat fermentum justo, nec condimentum neque sapien placerat ante. Nulla justo.', 24, true, false, 10);

-- Data for Group Membership Requests Table
insert into GroupMembershipRequests (GroupMemberShipRequestsID, GroupID, GroupMemberUserID, IsGroupMemberShipAccepted) values (1, 10, 27, true);
insert into GroupMembershipRequests (GroupMemberShipRequestsID, GroupID, GroupMemberUserID, IsGroupMemberShipAccepted) values (2, 8, 11, true);
insert into GroupMembershipRequests (GroupMemberShipRequestsID, GroupID, GroupMemberUserID, IsGroupMemberShipAccepted) values (3, 6, 28, false);
insert into GroupMembershipRequests (GroupMemberShipRequestsID, GroupID, GroupMemberUserID, IsGroupMemberShipAccepted) values (4, 4, 2, false);
insert into GroupMembershipRequests (GroupMemberShipRequestsID, GroupID, GroupMemberUserID, IsGroupMemberShipAccepted) values (5, 5, 6, false);
insert into GroupMembershipRequests (GroupMemberShipRequestsID, GroupID, GroupMemberUserID, IsGroupMemberShipAccepted) values (6, 10, 18, false);
insert into GroupMembershipRequests (GroupMemberShipRequestsID, GroupID, GroupMemberUserID, IsGroupMemberShipAccepted) values (7, 8, 7, false);
insert into GroupMembershipRequests (GroupMemberShipRequestsID, GroupID, GroupMemberUserID, IsGroupMemberShipAccepted) values (8, 9, 22, false);
insert into GroupMembershipRequests (GroupMemberShipRequestsID, GroupID, GroupMemberUserID, IsGroupMemberShipAccepted) values (9, 4, 9, false);
insert into GroupMembershipRequests (GroupMemberShipRequestsID, GroupID, GroupMemberUserID, IsGroupMemberShipAccepted) values (10, 7, 13, false);
insert into GroupMembershipRequests (GroupMemberShipRequestsID, GroupID, GroupMemberUserID, IsGroupMemberShipAccepted) values (11, 5, 20, false);
insert into GroupMembershipRequests (GroupMemberShipRequestsID, GroupID, GroupMemberUserID, IsGroupMemberShipAccepted) values (12, 1, 5, false);
insert into GroupMembershipRequests (GroupMemberShipRequestsID, GroupID, GroupMemberUserID, IsGroupMemberShipAccepted) values (13, 7, 11, true);
insert into GroupMembershipRequests (GroupMemberShipRequestsID, GroupID, GroupMemberUserID, IsGroupMemberShipAccepted) values (14, 9, 3, true);
insert into GroupMembershipRequests (GroupMemberShipRequestsID, GroupID, GroupMemberUserID, IsGroupMemberShipAccepted) values (15, 9, 18, false);
insert into GroupMembershipRequests (GroupMemberShipRequestsID, GroupID, GroupMemberUserID, IsGroupMemberShipAccepted) values (16, 8, 25, true);
insert into GroupMembershipRequests (GroupMemberShipRequestsID, GroupID, GroupMemberUserID, IsGroupMemberShipAccepted) values (17, 3, 13, true);
insert into GroupMembershipRequests (GroupMemberShipRequestsID, GroupID, GroupMemberUserID, IsGroupMemberShipAccepted) values (18, 9, 4, true);
insert into GroupMembershipRequests (GroupMemberShipRequestsID, GroupID, GroupMemberUserID, IsGroupMemberShipAccepted) values (19, 5, 21, true);
insert into GroupMembershipRequests (GroupMemberShipRequestsID, GroupID, GroupMemberUserID, IsGroupMemberShipAccepted) values (20, 10, 18, true);
insert into GroupMembershipRequests (GroupMemberShipRequestsID, GroupID, GroupMemberUserID, IsGroupMemberShipAccepted) values (21, 3, 28, false);
insert into GroupMembershipRequests (GroupMemberShipRequestsID, GroupID, GroupMemberUserID, IsGroupMemberShipAccepted) values (22, 7, 1, false);
insert into GroupMembershipRequests (GroupMemberShipRequestsID, GroupID, GroupMemberUserID, IsGroupMemberShipAccepted) values (23, 3, 9, false);
insert into GroupMembershipRequests (GroupMemberShipRequestsID, GroupID, GroupMemberUserID, IsGroupMemberShipAccepted) values (24, 2, 20, false);
insert into GroupMembershipRequests (GroupMemberShipRequestsID, GroupID, GroupMemberUserID, IsGroupMemberShipAccepted) values (25, 6, 14, true);
insert into GroupMembershipRequests (GroupMemberShipRequestsID, GroupID, GroupMemberUserID, IsGroupMemberShipAccepted) values (26, 7, 29, true);
insert into GroupMembershipRequests (GroupMemberShipRequestsID, GroupID, GroupMemberUserID, IsGroupMemberShipAccepted) values (27, 4, 20, false);
insert into GroupMembershipRequests (GroupMemberShipRequestsID, GroupID, GroupMemberUserID, IsGroupMemberShipAccepted) values (28, 6, 21, true);
insert into GroupMembershipRequests (GroupMemberShipRequestsID, GroupID, GroupMemberUserID, IsGroupMemberShipAccepted) values (29, 7, 24, false);
insert into GroupMembershipRequests (GroupMemberShipRequestsID, GroupID, GroupMemberUserID, IsGroupMemberShipAccepted) values (30, 1, 30, false);
insert into GroupMembershipRequests (GroupMemberShipRequestsID, GroupID, GroupMemberUserID, IsGroupMemberShipAccepted) values (31, 7, 7, false);
insert into GroupMembershipRequests (GroupMemberShipRequestsID, GroupID, GroupMemberUserID, IsGroupMemberShipAccepted) values (32, 9, 25, false);
insert into GroupMembershipRequests (GroupMemberShipRequestsID, GroupID, GroupMemberUserID, IsGroupMemberShipAccepted) values (33, 1, 3, true);
insert into GroupMembershipRequests (GroupMemberShipRequestsID, GroupID, GroupMemberUserID, IsGroupMemberShipAccepted) values (34, 10, 26, true);
insert into GroupMembershipRequests (GroupMemberShipRequestsID, GroupID, GroupMemberUserID, IsGroupMemberShipAccepted) values (35, 3, 2, false);
insert into GroupMembershipRequests (GroupMemberShipRequestsID, GroupID, GroupMemberUserID, IsGroupMemberShipAccepted) values (36, 3, 24, true);
insert into GroupMembershipRequests (GroupMemberShipRequestsID, GroupID, GroupMemberUserID, IsGroupMemberShipAccepted) values (37, 4, 7, false);
insert into GroupMembershipRequests (GroupMemberShipRequestsID, GroupID, GroupMemberUserID, IsGroupMemberShipAccepted) values (38, 10, 5, false);
insert into GroupMembershipRequests (GroupMemberShipRequestsID, GroupID, GroupMemberUserID, IsGroupMemberShipAccepted) values (39, 4, 23, false);
insert into GroupMembershipRequests (GroupMemberShipRequestsID, GroupID, GroupMemberUserID, IsGroupMemberShipAccepted) values (40, 2, 6, true);
insert into GroupMembershipRequests (GroupMemberShipRequestsID, GroupID, GroupMemberUserID, IsGroupMemberShipAccepted) values (41, 10, 23, true);
insert into GroupMembershipRequests (GroupMemberShipRequestsID, GroupID, GroupMemberUserID, IsGroupMemberShipAccepted) values (42, 7, 6, true);
insert into GroupMembershipRequests (GroupMemberShipRequestsID, GroupID, GroupMemberUserID, IsGroupMemberShipAccepted) values (43, 4, 21, true);
insert into GroupMembershipRequests (GroupMemberShipRequestsID, GroupID, GroupMemberUserID, IsGroupMemberShipAccepted) values (44, 6, 16, true);
insert into GroupMembershipRequests (GroupMemberShipRequestsID, GroupID, GroupMemberUserID, IsGroupMemberShipAccepted) values (45, 1, 27, false);
insert into GroupMembershipRequests (GroupMemberShipRequestsID, GroupID, GroupMemberUserID, IsGroupMemberShipAccepted) values (46, 1, 8, false);
insert into GroupMembershipRequests (GroupMemberShipRequestsID, GroupID, GroupMemberUserID, IsGroupMemberShipAccepted) values (47, 9, 26, true);
insert into GroupMembershipRequests (GroupMemberShipRequestsID, GroupID, GroupMemberUserID, IsGroupMemberShipAccepted) values (48, 9, 7, true);
insert into GroupMembershipRequests (GroupMemberShipRequestsID, GroupID, GroupMemberUserID, IsGroupMemberShipAccepted) values (49, 3, 19, true);
insert into GroupMembershipRequests (GroupMemberShipRequestsID, GroupID, GroupMemberUserID, IsGroupMemberShipAccepted) values (50, 10, 25, true);
insert into GroupMembershipRequests (GroupMemberShipRequestsID, GroupID, GroupMemberUserID, IsGroupMemberShipAccepted) values (51, 9, 12, true);
insert into GroupMembershipRequests (GroupMemberShipRequestsID, GroupID, GroupMemberUserID, IsGroupMemberShipAccepted) values (52, 6, 8, true);
insert into GroupMembershipRequests (GroupMemberShipRequestsID, GroupID, GroupMemberUserID, IsGroupMemberShipAccepted) values (53, 8, 27, false);
insert into GroupMembershipRequests (GroupMemberShipRequestsID, GroupID, GroupMemberUserID, IsGroupMemberShipAccepted) values (54, 7, 27, true);
insert into GroupMembershipRequests (GroupMemberShipRequestsID, GroupID, GroupMemberUserID, IsGroupMemberShipAccepted) values (55, 10, 1, true);
insert into GroupMembershipRequests (GroupMemberShipRequestsID, GroupID, GroupMemberUserID, IsGroupMemberShipAccepted) values (56, 2, 15, true);
insert into GroupMembershipRequests (GroupMemberShipRequestsID, GroupID, GroupMemberUserID, IsGroupMemberShipAccepted) values (57, 7, 9, false);
insert into GroupMembershipRequests (GroupMemberShipRequestsID, GroupID, GroupMemberUserID, IsGroupMemberShipAccepted) values (58, 10, 8, false);
insert into GroupMembershipRequests (GroupMemberShipRequestsID, GroupID, GroupMemberUserID, IsGroupMemberShipAccepted) values (59, 8, 8, false);
insert into GroupMembershipRequests (GroupMemberShipRequestsID, GroupID, GroupMemberUserID, IsGroupMemberShipAccepted) values (60, 4, 10, true);
insert into GroupMembershipRequests (GroupMemberShipRequestsID, GroupID, GroupMemberUserID, IsGroupMemberShipAccepted) values (61, 2, 18, false);
insert into GroupMembershipRequests (GroupMemberShipRequestsID, GroupID, GroupMemberUserID, IsGroupMemberShipAccepted) values (62, 3, 8, false);
insert into GroupMembershipRequests (GroupMemberShipRequestsID, GroupID, GroupMemberUserID, IsGroupMemberShipAccepted) values (63, 4, 13, true);
insert into GroupMembershipRequests (GroupMemberShipRequestsID, GroupID, GroupMemberUserID, IsGroupMemberShipAccepted) values (64, 4, 29, false);
insert into GroupMembershipRequests (GroupMemberShipRequestsID, GroupID, GroupMemberUserID, IsGroupMemberShipAccepted) values (65, 4, 18, true);
insert into GroupMembershipRequests (GroupMemberShipRequestsID, GroupID, GroupMemberUserID, IsGroupMemberShipAccepted) values (66, 9, 19, true);
insert into GroupMembershipRequests (GroupMemberShipRequestsID, GroupID, GroupMemberUserID, IsGroupMemberShipAccepted) values (67, 5, 3, false);
insert into GroupMembershipRequests (GroupMemberShipRequestsID, GroupID, GroupMemberUserID, IsGroupMemberShipAccepted) values (68, 10, 23, false);
